{
  "timestamp": "20250423_031137",
  "total_runtime_seconds": 858.77663230896,
  "config": {
    "num_clients": 3,
    "num_rounds": 100,
    "epochs": 10,
    "batch_size": 128,
    "learning_rate": 0.01,
    "momentum": 0.9,
    "data_fraction": 0.8,
    "device": "cuda:0"
  },
  "final_metrics": {
    "testset_137_accuracy": 0.3313333333333333,
    "testset_137_loss": 2.223088152865146,
    "testset_258_accuracy": 0.0016666666666666668,
    "testset_258_loss": 2.3244574069976807,
    "testset_469_accuracy": 0.0,
    "testset_469_loss": 2.3835782345305097
  },
  "final_accuracy": 0.0999
}